id,chapter_id,part_label,order_index,type,stem_or_scenario,options_or_blanks,correct_answer,marks,knowledge_tags,explanation
q-u2-a1,ch-6,A,1,word_bank,"Anything that has mass and takes up space is called [blank].","matter, atom, proton, neutron, electron, nucleus, element, compound, molecule, solution, solute, solvent, concentration, physical change, chemical change",matter,1,SCI-CHEM-MATTER-PHASES,"Matter is anything that has mass and volume."
q-u2-a2,ch-7,A,2,word_bank,"The smallest unit of an element is an [blank].","matter, atom, proton, neutron, electron, nucleus, element, compound, molecule, solution, solute, solvent, concentration, physical change, chemical change",atom,1,SCI-CHEM-PERIODIC-TABLE,"An atom is the basic building block of all matter."
q-u2-a3,ch-7,A,3,word_bank,"A positively charged particle inside an atom's nucleus is a [blank].","matter, atom, proton, neutron, electron, nucleus, element, compound, molecule, solution, solute, solvent, concentration, physical change, chemical change",proton,1,SCI-CHEM-PERIODIC-TABLE,"Protons have a positive electrical charge (+1)."
q-u2-a4,ch-7,A,4,word_bank,"A negatively charged particle found around the nucleus is an [blank].","matter, atom, proton, neutron, electron, nucleus, element, compound, molecule, solution, solute, solvent, concentration, physical change, chemical change",electron,1,SCI-CHEM-PERIODIC-TABLE,"Electrons have a negative charge (-1) and orbit the nucleus."
q-u2-a5,ch-7,A,5,word_bank,"The center of an atom, containing protons and neutrons, is the [blank].","matter, atom, proton, neutron, electron, nucleus, element, compound, molecule, solution, solute, solvent, concentration, physical change, chemical change",nucleus,1,SCI-CHEM-PERIODIC-TABLE,"The nucleus holds virtually all of an atom's mass."
q-u2-a6,ch-7,A,6,word_bank,"A pure substance made of only one kind of atom is an [blank].","matter, atom, proton, neutron, electron, nucleus, element, compound, molecule, solution, solute, solvent, concentration, physical change, chemical change",element,1,SCI-CHEM-PERIODIC-TABLE,"Elements cannot be broken down chemically into simpler substances."
q-u2-a7,ch-6,A,7,word_bank,"A change that creates a new chemical substance is a [blank].","matter, atom, proton, neutron, electron, nucleus, element, compound, molecule, solution, solute, solvent, concentration, physical change, chemical change",chemical change,1,SCI-CHEM-REACTIONS,"Chemical changes involve forming or breaking chemical bonds."
q-u2-b1,ch-6,B,1,classification,"Ice melts into water.","Physical Change, Chemical Change",Physical Change,1,SCI-CHEM-MATTER-PHASES,"Melting is a change of state (solid to liquid), which is a physical change."
q-u2-b2,ch-6,B,2,classification,"Paper burns and becomes ash.","Physical Change, Chemical Change",Chemical Change,1,SCI-CHEM-REACTIONS,"Combustion creates new substances like carbon dioxide and ash."
q-u2-b3,ch-6,B,3,classification,"Water boils and becomes vapor.","Physical Change, Chemical Change",Physical Change,1,SCI-CHEM-MATTER-PHASES,"Boiling is a physical state change; the water molecules remain H2O."
q-u2-b4,ch-6,B,4,classification,"Iron rusts when exposed to oxygen and water.","Physical Change, Chemical Change",Chemical Change,1,SCI-CHEM-REACTIONS,"Rusting forms iron oxide, a completely new chemical compound."
q-u2-b5,ch-6,B,5,classification,"An apple slice turns brown when exposed to air.","Physical Change, Chemical Change",Chemical Change,1,SCI-CHEM-REACTIONS,"Enzymatic browning is a chemical oxidation reaction."
q-u2-b6,ch-8,B,6,classification,"Sugar dissolves in water.","Physical Change, Chemical Change",Physical Change,1,SCI-CHEM-SOLUTIONS,"Dissolving is physical; evaporating the water recovers the original sugar."
q-u2-b7,ch-6,B,7,classification,"Wood is cut into smaller pieces.","Physical Change, Chemical Change",Physical Change,1,SCI-CHEM-MATTER-PHASES,"Cutting changes only size and shape, not chemical composition."
q-u2-b8,ch-6,B,8,classification,"Flour, eggs, and milk are cooked into pancakes.","Physical Change, Chemical Change",Chemical Change,1,SCI-CHEM-REACTIONS,"Cooking causes irreversible chemical changes in proteins and starches."
q-u2-c1,ch-6,C,1,short_answer,"What are the three common states of matter on Earth?","solid, liquid, gas","solid, liquid, gas",1,SCI-CHEM-MATTER-PHASES,"Solid, liquid, and gas."
q-u2-c2,ch-6,C,2,short_answer,"Describe how particles move in a solid, a liquid, and a gas.","vibrate, tightly, slide, freely, fast","In solids particles vibrate in place; in liquids they slide past each other; in gases they move rapidly and freely in all directions.",2,SCI-CHEM-MATTER-PHASES,"Solid particles vibrate tightly; liquid particles flow past each other; gas particles move freely and spread out."
q-u2-c3,ch-6,C,3,short_answer,"What is the key difference between a physical change and a chemical change?","new substance, identity, chemical bonds","A physical change does not create a new substance, while a chemical change creates one or more new substances with different properties.",2,SCI-CHEM-REACTIONS,"Physical changes alter appearance without changing chemical identity; chemical changes form new substances."
q-u2-d1,ch-7,D,1,short_answer,"Refer to an oxygen atom (Atomic number = 8, Atomic mass = 16). How many protons, neutrons, and electrons does a neutral oxygen atom have?","8 protons, 8 neutrons, 8 electrons","8 protons, 8 neutrons, and 8 electrons.",3,SCI-CHEM-PERIODIC-TABLE,"Atomic number 8 means 8 protons and 8 electrons; 16 - 8 = 8 neutrons."
q-u2-d2,ch-7,D,2,short_answer,"If an oxygen atom gains 2 electrons, does it become a positive or negative ion? Explain why.","negative, electrons, protons, charge","It becomes a negative ion (-2) because it now has 10 negative electrons but only 8 positive protons.",3,SCI-CHEM-PERIODIC-TABLE,"More electrons than protons results in a net negative ion (anion)."
q-u2-e1,ch-8,E,1,short_answer,"In salt water, which is the solute and which is the solvent?","salt solute, water solvent","Salt is the solute (dissolved substance) and water is the solvent (dissolving liquid).",2,SCI-CHEM-SOLUTIONS,"The solute dissolves in the solvent."
q-u2-e2,ch-8,E,2,multiple_choice,"Is a bowl of cereal with milk a homogeneous or heterogeneous mixture?","A: Homogeneous mixture|B: Heterogeneous mixture|C: Pure compound|D: Element",B,2,SCI-CHEM-SOLUTIONS,"Heterogeneous mixtures are not uniformly mixed and components can be visually distinguished."
q-u2-f1,ch-6,F,1,multiple_choice,"{{student_name}} tests whether sugar dissolves faster in warm water or cold water. What is the independent variable?","A: Water temperature|B: Amount of sugar|C: Time to dissolve|D: Type of cup",A,2,SCI-METHOD-VARIABLES,"The independent variable is what the experimenter changes on purpose (temperature)."
q-u2-f2,ch-6,F,2,multiple_choice,"What is the dependent variable in {{student_name}}'s dissolving experiment?","A: Water temperature|B: Time it takes for sugar to dissolve|C: Amount of water|D: Brand of sugar",B,2,SCI-METHOD-VARIABLES,"The dependent variable is what is measured (dissolving time)."
q-u3-a1,ch-10,A,1,word_bank,"A push or a pull exerted on an object is a [blank].","force, motion, velocity, acceleration, net force, inertia, friction, gravity, weight, work, fulcrum",force,1,SCI-PHYS-FORCES,"A force is a push or pull that can cause an object with mass to accelerate."
q-u3-a2,ch-9,A,2,word_bank,"A change in position relative to a reference point is [blank].","force, motion, velocity, acceleration, net force, inertia, friction, gravity, weight, work, fulcrum",motion,1,SCI-PHYS-MOTION,"Motion is defined as change in position over time relative to a reference point."
q-u3-a3,ch-9,A,3,word_bank,"Speed in a specific direction is known as [blank].","force, motion, velocity, acceleration, net force, inertia, friction, gravity, weight, work, fulcrum",velocity,1,SCI-PHYS-MOTION,"Velocity is a vector quantity combining speed and direction."
q-u3-a4,ch-9,A,4,word_bank,"The rate at which velocity changes over time is [blank].","force, motion, velocity, acceleration, net force, inertia, friction, gravity, weight, work, fulcrum",acceleration,1,SCI-PHYS-MOTION,"Acceleration happens when an object speeds up, slows down, or changes direction."
q-u3-a5,ch-10,A,5,word_bank,"The combination of all forces acting on an object is the [blank].","force, motion, velocity, acceleration, net force, inertia, friction, gravity, weight, work, fulcrum",net force,1,SCI-PHYS-FORCES,"Net force determines whether an object will accelerate."
q-u3-a6,ch-10,A,6,word_bank,"Matter's natural resistance to any change in its motion is [blank].","force, motion, velocity, acceleration, net force, inertia, friction, gravity, weight, work, fulcrum",inertia,1,SCI-PHYS-NEWTON-LAWS,"Inertia is directly proportional to an object's mass (Newton's 1st Law)."
q-u3-a7,ch-11,A,7,word_bank,"A contact force that opposes motion between touching surfaces is [blank].","force, motion, velocity, acceleration, net force, inertia, friction, gravity, weight, work, fulcrum",friction,1,SCI-PHYS-FORCES,"Friction always acts in the opposite direction of motion or intended motion."
q-u3-a8,ch-11,A,8,word_bank,"The downward force of gravity acting on an object's mass is its [blank].","force, motion, velocity, acceleration, net force, inertia, friction, gravity, weight, work, fulcrum",weight,1,SCI-PHYS-FORCES,"Weight = mass * gravitational acceleration (W = mg)."
q-u3-a9,ch-12,A,9,word_bank,"Force applied over a distance in the direction of motion is [blank].","force, motion, velocity, acceleration, net force, inertia, friction, gravity, weight, work, fulcrum",work,1,SCI-PHYS-WORK,"Work = Force * Distance (measured in Joules)."
q-u3-a10,ch-12,A,10,word_bank,"The fixed pivot point on which a lever turns is the [blank].","force, motion, velocity, acceleration, net force, inertia, friction, gravity, weight, work, fulcrum",fulcrum,1,SCI-PHYS-WORK,"The fulcrum supports the lever arm."
q-u3-b1,ch-10,B,1,multiple_choice,"{{student_name}} pushes a heavy box with 30 N of force, but the box does not move because friction pushes back with 30 N. The forces are:","A: Unbalanced forces|B: Balanced forces|C: Gravitational forces only|D: Accelerating forces",B,2,SCI-PHYS-FORCES,"When opposing forces are equal, net force is zero and the forces are balanced."
q-u3-b2,ch-9,B,2,multiple_choice,"{{student_name}} rides his bike at a constant speed of 10 km/h East. Then he turns in a circle at the same speed. Did {{student_name}} accelerate?","A: No, because speed did not change|B: Yes, because his direction changed|C: No, because force is zero|D: Yes, because his mass increased",B,2,SCI-PHYS-MOTION,"Acceleration is any change in velocity, which includes changing direction even at constant speed."
q-u3-b3,ch-10,B,3,multiple_choice,"{{student_name}} steps off a boat onto a dock. As he pushes forward, the boat moves backward away from the dock. This illustrates:","A: Newton's First Law|B: Newton's Second Law|C: Newton's Third Law (Action-Reaction)|D: Law of Universal Gravitation",C,2,SCI-PHYS-NEWTON-LAWS,"For every action force, there is an equal and opposite reaction force."
q-u3-c1,ch-9,C,1,short_answer,"{{student_name}} walks to a park 180 meters away. He starts at 3:10 p.m. and arrives at 3:13 p.m. (3 minutes). What was his average speed?","1 m/s, 60 m/min","1 m/s (or 60 meters per minute).",2,SCI-PHYS-MOTION,"Speed = Distance / Time = 180 m / 180 s = 1 m/s."
q-u3-c2,ch-10,C,2,short_answer,"A box has a mass of 16 kg. {{student_name}} pushes with 50 N, while friction opposes with 18 N. What is the box's acceleration?","2 m/s2, 2 m/s^2, 2 N/kg","2 m/s² (Net force = 50 - 18 = 32 N; a = F/m = 32 / 16 = 2 m/s²).",3,SCI-PHYS-NEWTON-LAWS,"Net force F = 32 N; a = F / m = 32 / 16 = 2 m/s²."
q-u3-c3,ch-12,C,3,short_answer,"{{student_name}} pushes a desk with 40 N of force across 3 meters in 6 seconds. How much work was done?","120 J, 120 Joules","120 Joules (Work = Force * Distance = 40 N * 3 m = 120 J).",3,SCI-PHYS-WORK,"Work = Force * Distance = 40 * 3 = 120 Joules."
q-u4k-a1,ch-13,A,1,word_bank,"The ability to cause change or do work is called [blank].","energy, kinetic energy, potential energy, temperature, heat, circuit, conductor, insulator, current, voltage",energy,1,SCI-PHYS-ENERGY,"Energy is defined as the capacity to do work."
q-u4k-a2,ch-13,A,2,word_bank,"The energy an object possesses due to its motion is [blank].","energy, kinetic energy, potential energy, temperature, heat, circuit, conductor, insulator, current, voltage",kinetic energy,1,SCI-PHYS-ENERGY,"Kinetic energy increases with mass and velocity (KE = 1/2 mv²)."
q-u4k-a3,ch-13,A,3,word_bank,"Energy that is stored and ready to be used is [blank].","energy, kinetic energy, potential energy, temperature, heat, circuit, conductor, insulator, current, voltage",potential energy,1,SCI-PHYS-ENERGY,"Potential energy depends on an object's position or chemical composition."
q-u4k-a4,ch-14,A,4,word_bank,"The average kinetic energy of the particles in a substance is its [blank].","energy, kinetic energy, potential energy, temperature, heat, circuit, conductor, insulator, current, voltage",temperature,1,SCI-PHYS-THERMAL,"Temperature measures the average molecular motion."
q-u4k-a5,ch-14,A,5,word_bank,"The transfer of thermal energy from warmer objects to cooler objects is [blank].","energy, kinetic energy, potential energy, temperature, heat, circuit, conductor, insulator, current, voltage",heat,1,SCI-PHYS-THERMAL,"Heat always flows spontaneously from higher temperature to lower temperature."
q-u4k-a6,ch-16,A,6,word_bank,"A closed loop through which electric current can flow is a [blank].","energy, kinetic energy, potential energy, temperature, heat, circuit, conductor, insulator, current, voltage",circuit,1,SCI-PHYS-ELECTRICITY,"A complete closed path is required for current to circulate."
q-u4k-a7,ch-16,A,7,word_bank,"A material that allows electric charges to flow freely is a [blank].","energy, kinetic energy, potential energy, temperature, heat, circuit, conductor, insulator, current, voltage",conductor,1,SCI-PHYS-ELECTRICITY,"Metals like copper and aluminum are good electrical conductors."
q-u4k-a8,ch-16,A,8,word_bank,"A material that resists the flow of electric charges is an [blank].","energy, kinetic energy, potential energy, temperature, heat, circuit, conductor, insulator, current, voltage",insulator,1,SCI-PHYS-ELECTRICITY,"Rubber, plastic, and glass are electrical insulators."
q-u4k-b1,ch-14,B,1,multiple_choice,"Heat travels through a metal spoon left in hot soup, making the handle warm. What type of heat transfer is this?","A: Conduction|B: Convection|C: Radiation|D: Transformation",A,2,SCI-PHYS-THERMAL,"Conduction is heat transfer through direct contact between vibrating particles in solids."
q-u4k-b2,ch-14,B,2,multiple_choice,"Warm air rises from a heater, cools near the ceiling, sinks, and circulates around the room. What type of heat transfer is this?","A: Conduction|B: Convection|C: Radiation|D: Induction",B,2,SCI-PHYS-THERMAL,"Convection is heat transfer by the physical circulation of fluid currents (liquids and gases)."
q-u4k-b3,ch-14,B,3,multiple_choice,"Standing near a campfire, {{student_name}} feels warmth on his face even without touching the flames. What type of heat transfer is this?","A: Conduction|B: Convection|C: Radiation (electromagnetic waves)|D: Friction",C,2,SCI-PHYS-THERMAL,"Radiation transfers energy through electromagnetic infrared waves across space."
q-u4k-c1,ch-15,C,1,short_answer,"On a wave diagram, what is the highest point of a wave called, and what is the lowest point called?","crest, trough","The highest point is the crest, and the lowest point is the trough.",2,SCI-PHYS-WAVES,"Peak is crest; bottom is trough."
q-u4k-c2,ch-15,C,2,short_answer,"What is the difference between mechanical waves and electromagnetic waves?","medium, matter, vacuum, empty space","Mechanical waves require a physical medium/matter to travel, while electromagnetic waves can travel through a vacuum.",2,SCI-PHYS-WAVES,"Sound is mechanical (needs air/water); light is electromagnetic (travels through space)."
q-u4k-c3,ch-16,C,3,short_answer,"What happens when one light bulb burns out in a series circuit versus in a parallel circuit?","series stops, parallel stays lit","In a series circuit all other bulbs go out; in a parallel circuit the other bulbs remain lit.",2,SCI-PHYS-ELECTRICITY,"Series circuits have a single loop; parallel circuits have independent branches."
q-u4a-a1,ch-13,A,1,true_false,"{{student_name}} says: 'A flashlight creates new energy because the battery turns into light.'","TRUE, FALSE",FALSE,2,SCI-PHYS-ENERGY,"Energy cannot be created; the battery converts stored chemical energy into electrical and then light/thermal energy."
q-u4a-a2,ch-15,A,2,true_false,"{{student_name}} says: 'In outer space, sound waves can travel through empty space just like light waves.'","TRUE, FALSE",FALSE,2,SCI-PHYS-WAVES,"Sound is a mechanical wave requiring matter; it cannot travel through empty space/vacuum."
q-u4a-a3,ch-16,A,3,true_false,"A plastic ruler can be used in place of a broken wire to carry electric current in a circuit.","TRUE, FALSE",FALSE,2,SCI-PHYS-ELECTRICITY,"Plastic is an electrical insulator and does not conduct electric current."
q-u4a-b1,ch-16,B,1,short_answer,"A flashlight bulb has 3 ohms of resistance and is powered by a 6 V battery. What is the electric current? (I = V / R)","2 A, 2 Amperes","2 A (Current I = 6 V / 3 Ω = 2 Amperes).",2,SCI-PHYS-ELECTRICITY,"Ohm's Law: I = V / R = 6 / 3 = 2 A."
q-u4a-b2,ch-16,B,2,short_answer,"A device uses 120 V and draws 5 A of current. What is its electrical power in Watts? (P = V * I)","600 W, 600 Watts","600 Watts (Power = 120 V * 5 A = 600 W).",2,SCI-PHYS-ELECTRICITY,"P = V * I = 120 * 5 = 600 W."
q-u4a-b3,ch-15,B,3,short_answer,"A sound wave has a frequency of 250 Hz and a wavelength of 1.4 m. What is the wave speed? (Speed = Frequency * Wavelength)","350 m/s","350 m/s (Speed = 250 Hz * 1.4 m = 350 m/s).",2,SCI-PHYS-WAVES,"v = f * λ = 250 * 1.4 = 350 m/s."
q-u4a-c1,ch-17,C,1,multiple_choice,"Which of the following energy resources are considered RENEWABLE?","A: Coal and natural gas|B: Solar and wind|C: Petroleum and uranium|D: Nuclear and coal",B,2,SCI-PHYS-ENERGY,"Solar and wind naturally replenish over short timescales."
q-u4a-c2,ch-17,C,2,short_answer,"In a solar panel, what energy transformation takes place?","light to electrical, radiant to electrical","Light (radiant) energy is converted into electrical energy.",2,SCI-PHYS-ENERGY,"Solar cells convert sunlight photons into electricity."
q-u8-a1,ch-32,A,1,word_bank,"A green pigment in plants that absorbs sunlight for photosynthesis is [blank].","chlorophyll, cuticle, xylem, phloem, spore, stomata, tropism, homeostasis, metamorphosis",chlorophyll,1,SCI-BIO-PLANTS,"Chlorophyll traps light energy inside chloroplasts."
q-u8-a2,ch-32,A,2,word_bank,"A waxy protective layer covering leaves that prevents water loss is the [blank].","chlorophyll, cuticle, xylem, phloem, spore, stomata, tropism, homeostasis, metamorphosis",cuticle,1,SCI-BIO-PLANTS,"The cuticle protects against dehydration."
q-u8-a3,ch-32,A,3,word_bank,"Vascular plant tissue that transports water and minerals upward from roots is [blank].","chlorophyll, cuticle, xylem, phloem, spore, stomata, tropism, homeostasis, metamorphosis",xylem,1,SCI-BIO-PLANTS,"Xylem flows upward from roots to leaves."
q-u8-a4,ch-32,A,4,word_bank,"Vascular plant tissue that transports dissolved sugars/food throughout the plant is [blank].","chlorophyll, cuticle, xylem, phloem, spore, stomata, tropism, homeostasis, metamorphosis",phloem,1,SCI-BIO-PLANTS,"Phloem carries sugars made in leaves to growth and storage areas."
q-u8-a5,ch-32,A,5,word_bank,"Tiny microscopic openings in leaves that regulate gas exchange and transpiration are [blank].","chlorophyll, cuticle, xylem, phloem, spore, stomata, tropism, homeostasis, metamorphosis",stomata,1,SCI-BIO-PLANTS,"Stomata open and close via guard cells to exchange CO2 and O2."
q-u8-a6,ch-35,A,6,word_bank,"Plant growth movement toward or away from an environmental stimulus is a [blank].","chlorophyll, cuticle, xylem, phloem, spore, stomata, tropism, homeostasis, metamorphosis",tropism,1,SCI-BIO-PLANTS,"Phototropism is growth toward light; gravitropism is response to gravity."
q-u8-a7,ch-35,A,7,word_bank,"An organism's ability to maintain stable internal conditions despite external changes is [blank].","chlorophyll, cuticle, xylem, phloem, spore, stomata, tropism, homeostasis, metamorphosis",homeostasis,1,SCI-BIO-ANIMALS,"Sweating, shivering, and panting are examples of homeostasis."
q-u8-a8,ch-35,A,8,word_bank,"The developmental transformation of an animal from larva to adult is [blank].","chlorophyll, cuticle, xylem, phloem, spore, stomata, tropism, homeostasis, metamorphosis",metamorphosis,1,SCI-BIO-ANIMALS,"Butterflies and frogs undergo metamorphosis."
q-u8-b1,ch-32,B,1,multiple_choice,"{{student_name}} waters a tall tomato plant in the morning. A few hours later, the top leaves are firm. Which vascular tissue carried the water upward?","A: Phloem|B: Xylem|C: Cuticle|D: Stomata",B,2,SCI-BIO-PLANTS,"Xylem transports water and dissolved soil minerals upward."
q-u8-b2,ch-32,B,2,multiple_choice,"A maple tree produces sugar in its leaves. Which tissue carries this sugar to the roots for storage?","A: Xylem|B: Phloem|C: Epidermis|D: Stomata",B,2,SCI-BIO-PLANTS,"Phloem transports manufactured sugars throughout the plant."
q-u8-b3,ch-32,B,3,multiple_choice,"{{student_name}} finds a plant in a forest with vascular tissue and tiny reproductive dots under its leaves, but no flowers or seeds. It is a:","A: Nonvascular moss|B: Seedless vascular plant (fern)|C: Angiosperm|D: Gymnosperm",B,2,SCI-BIO-PLANTS,"Ferns are seedless vascular plants that reproduce via spores."
q-u8-b4,ch-32,B,4,multiple_choice,"An apple tree produces flowers and fruit containing seeds, while a pine tree produces seeds in cones without fruit. How are they classified?","A: Both are gymnosperms|B: Apple tree is an angiosperm; pine tree is a gymnosperm|C: Both are angiosperms|D: Apple tree is nonvascular",B,2,SCI-BIO-PLANTS,"Angiosperms have flowers and fruit; gymnosperms produce naked seeds in cones."
q-u8-b5,ch-33,B,5,multiple_choice,"An animal has 6 jointed legs, 3 body sections, and an exoskeleton. Another animal has 8 legs and no antennae. How are they classified?","A: Both are arachnids|B: The first is an insect; the second is an arachnid|C: Both are vertebrates|D: Both are cnidarians",B,2,SCI-BIO-ANIMALS,"Insects have 6 legs and 3 body segments; arachnids have 8 legs and 2 body segments."
q-u8-b6,ch-34,B,6,multiple_choice,"Why are frogs classified as amphibians?","A: They are cold-blooded reptiles|B: They begin life in water with gills and develop lungs to live on land|C: They are warm-blooded mammals|D: They cannot breathe air",B,2,SCI-BIO-ANIMALS,"Amphibian means 'double life' — aquatic larvae and terrestrial/semi-terrestrial adults."
q-u8-b7,ch-35,B,7,multiple_choice,"On a hot summer day, a dog pants heavily and {{student_name}} starts sweating after running. What process does this demonstrate?","A: Converting heat to chemical energy|B: Homeostasis — releasing excess heat to maintain internal temperature|C: Ectothermic cold-blooded behavior|D: Plant phototropism",B,2,SCI-BIO-ANIMALS,"Sweating and panting evaporate moisture to cool the body and maintain homeostasis."
q-u8-c1,ch-33,C,1,classification,"Classify these organisms into their biological groups: jellyfish, earthworm, butterfly, spider, frog, blue jay.","cnidarian, segmented worm, insect, arachnid, amphibian, bird",cnidarian: jellyfish; segmented worm: earthworm; insect: butterfly; arachnid: spider; amphibian: frog; bird: blue jay,6,SCI-BIO-ANIMALS,"Major animal phyla and vertebrate/invertebrate classes."
q-u8-d1,ch-32,D,1,short_answer,"On a hot, dry day, a plant closes its stomata. What is one advantage and one disadvantage of this response?","saves water, reduces carbon dioxide, reduces photosynthesis","Advantage: Prevents dehydration / water loss. Disadvantage: Reduces CO2 uptake, slowing down photosynthesis.",3,SCI-BIO-PLANTS,"Closing stomata conserves moisture but limits gas intake for sugar production."
q-u8-d2,ch-32,D,2,short_answer,"A young bean plant near a window bends its stem toward the sunlight. What is the scientific name for this response?","phototropism, tropism","Phototropism (positive phototropism).",2,SCI-BIO-PLANTS,"Phototropism maximizes light capture for photosynthesis."
q-u8-e1,ch-30,E,1,multiple_choice,"A bean plant near a window uses sunlight, carbon dioxide, and water to produce glucose. What process is this?","A: Photosynthesis|B: Cellular respiration|C: Transpiration|D: Fermentation",A,1,SCI-BIO-CELLS,"Photosynthesis converts radiant solar energy into chemical energy stored in glucose."
q-u8-e2,ch-30,E,2,multiple_choice,"Which cell organelle in plant cells carries out photosynthesis?","A: Mitochondria|B: Chloroplast|C: Nucleus|D: Vacuole",B,1,SCI-BIO-CELLS,"Chloroplasts contain chlorophyll and carry out photosynthesis."
q-u8-e3,ch-30,E,3,multiple_choice,"A rabbit eats the bean plant's leaves and breaks down glucose to release energy for movement. What cellular process is this?","A: Digestion only|B: Cellular respiration|C: Phototropism|D: Photosynthesis",B,1,SCI-BIO-CELLS,"Cellular respiration in mitochondria releases ATP energy from glucose."
